qid	text	prediction
1	我还在想有可能是我上年纪了，老了我比我朋友们大一岁，跟他们出去旅游出去玩每一次都会有人管他们要微信，羡慕了	正面
2	清早看到这个话题，一整天都是暖暖的	正面
3	终于不是那种一边吐槽一边又发表情包语气又很好的回复了	正面
4	她姑妈没把她怎么样吧	负面
5	你是会批试卷的	正面
6	不然真的会很酸	正面
7	有些人有三个房子了，左心房右心房还有破防～	正面
8	我总碰到要法人签字的，反问好几遍法人来了吗？来了吗？有些的会回答:您等等，法人在车里……有些的只能回去了下次再来	正面
9	审题，这女的邀请的，然后还关门，我觉得算是，但也不好说吧，毕竟这年头仙人跳也有这种套路，防不胜防	正面
10	看见的一瞬间就是自卑	负面
11	歪楼这种卷儿怎么做呀上次去理发店想做微卷理发师说这种都是拿吹风机和板甲卷发棒搞出来的一次性造型烫不出来	正面
12	水溶兑伏特加超好喝自调鸡尾酒，一定要冰镇	正面
13	没有喝过这么猛我都没有喝过以后试试哈哈哈哈	正面
14	真的好典呀妈呀，我要向她学习！	正面
15	村里找个人写一下这种就行	正面
16	好无语...	负面
17	评论区果蔬的这个有点吓人，就是那种感觉	正面
18	它！抗高反特有用！我第一次去独克宗晕头转向，第二次去我狂炫水溶100，屁事儿没有，我还得驾车、而且上了独克宗我还洗澡了	正面
19	就考吧，谁能考过你啊	正面
20	但是维生素也不能吃太多，多了容易尿结石。一般人正常吃饭水果蔬菜是不用额外补充的	正面
21	哈哈哈哈心情舒畅	正面
22	怪沉的拿扫把划拉划拉就行了	正面
23	之前我妈去银行也是，说了亲属已经去世了，大堂的工作人员就说那不行取不了钱了，但是给我妈送出银行外面了，给她说你换个银行，别说去世了就说动不了了，就能取了。	正面
24	上班熬大夜就靠他	正面
25	草！我真是怕了他们了	正面
26	错的都有3个了，改不改区别不大，但是正确的只有一个，不改那这题无解了！	正面
27	评论区说的对，类似于女生看见潮男一样，单纯就是不喜欢而已，虽然会觉得很会打扮	正面
28	你从哪看的题啊	正面
29	说名字了，我不认识	负面
30	大概率是破防了瞎编的吧	负面
31	悟了，六级就这么考	正面
32	这死亡微笑给我看得难受死了	正面
33	服了，真的令人宫寒	正面
34	这边建议先吹车牌，以免弄完了发现不是自己的车	正面
35	这是我最喜欢喝的饮料	正面
36	我就说我怎么能老做不对，原来是方法不对	正面
37	......	正面
38	正常人谁会随便搭讪人	负面
39	这种直接冷处理，好恶	负面
40	有没有这类视频，想看	正面
41	我爷爷奶奶在宝鸡，汶川的时候说大家都在外面搭帐篷睡觉	正面
42	我那么认真的看！！！	正面
43	公交车那个我懂上中学的时候，就是没零钱，2块钱路费，然后我只有5块钱，准备放进去，司机说等人家上来找你，结果坐到了都没人上来，司机就用手说不用了的意思我就下车了	正面
44	那个卖西瓜的啊不那个买西瓜的知道吧，就那个骑小电驴问这瓜保熟的那个，扮成他	正面
45	长相甜美可爱在小红书是要被唾弃的，必须得长得御姐在小红书才会被人夸。评论区不必再拿自己说例子了，肯定会被炮轰说你长的也就一般、好拿捏这种话	正面
46	有地库的车主表示根本不需要	负面
47	其实大部分男生喜欢的都是看起来有一点土气的美女。	负面
48	男生想一直给女生贴标签“搞笑女不配谈恋爱……”后面想贬低女生安慰自己没有达到目的	正面
49	漂亮又贵气的女生，很受尊敬，我只能这么说。	正面
50	我竟然去下单了	正面
51	博主好美丽的精神状态	正面
52	你就是我的女神，不能不关注，你说不要关注我也要关注，又好看又会说，真的好厉害！！！	正面
53	这车有这配置正常，我的车标配除雪用具是刷子。	负面
54	被骗到了！！	正面
55	一句话反反复复...	负面
56	真的不是假发	正面
57	下次这样对答案	正面
58	反向思维，学到了	正面
59	我们这公交车可以先上车，但是到达下一站之前你得刷卡，不然下一站到了你就得下车	正面
60	他是不是在改答案	正面
61	维生素调月经？真的吗？痛经的我立刻去塞两瓶	正面
62	这不得厉害鼠	正面
63	这个意思就是可以啊，但是超出首重部分得自己补	正面
64	所以晕车管用吗	正面
65	就喜欢喝酸的哈哈	正面
66	这歌原来也可以这么甜	正面
67	你不是说要早睡吗	负面
68	这种会没对象？？	负面
69	所以我一直不明白，那种八百年没说过话的，一上来就说什么我暗恋你好多年了，我们俩在一起吧，是凭什么觉得别人会跟你在一起	正面
70	男的觉得配不上喜欢那种看起来比自己弱的温柔的	负面
71	我也喜欢这个，可是我大洛杉矶连个雪毛都没有	正面
72	笑死我了马上实现	正面
73	也是一开始我也被整的很焦虑也有想过要不结婚	负面
74	好想和喜欢的人一起看雪	正面
75	你为什么评论里的随手一拍都要加滤镜	负面
76	我这两天刚遇到的，深圳二档社保去其他医院必须转诊，但是如果你说了你是妊娠的话转不了也用不了统筹报销，如果做其他检查就可以转，护士说的很明显了我后面才反应过来，不过还好这次我用不上，下次就知道了，先转过去再说！	正面
77	我一天摄入1000	正面
78	刚好，还没结婚就刷到了，正好我也挺喜欢听棱镜	正面
79	对我的乳腺很好	正面
80	我爷爷叫我大学毕业前不要谈恋爱要把学习搞好。我现在果然还是母单。我现在23了但是我叔说我现在还小好好学习最重要（准备考研中	正面
81	笑死了反向改题	正面
82	就经历过一次地震我爱熬夜晚上一点多躺在床上感觉从斜对角的床角那开始的忽然晃了一下像是有人在那边蹬了一脚床垫	正面
83	不是怎么会真有这种人	负面
84	笑死我了我也要这么学	正面
85	《》真的好看！！！！！就是因为这部剧才粉到李钟硕！太帅了！！！！！	正面
86	有的有的，我当时在上小学，铁凳子是崴着坐，就是后两条凳子腿支点，我还在说谁啊一直晃我凳子，然后隔壁高一年级的已经冲下楼了，我们还在上课，才知道是地震，然后回家后就是铺天盖地的新闻。	正面
87	我才不想被男人喜欢	正面
88	刚打开小红书就看到爽文了哈哈哈！谢谢姐妹！	正面
89	真的，水溶100这么好，北师大能不能进点货？	正面
90	他说“你不配谈恋爱”的时候我甚至感觉这是句祝福语，姐为啥要谈恋爱，姐要用大把的时间搞钱搞事业	正面
91	什么鬼，虽然我爱喝，但是我不会信的，这一瓶下来，添加糖都多少了	负面
92	减肥的人实在是伤不起，太多糖	正面
93	不理解为什么还能聊这么多，两三句给他打发走	正面
94	第一张就烂掉了，怎么能做到这么典型……	正面
95	好美考试加油中考加油就要上岸了	正面
96	看噎住我了她耐心真好	正面
97	100给了你多少广告费……	正面
98	有没有像我这种人，出门旅游，大家超爱问我路怎么走，帮我们拍一下照可以吗，还有给我转账，他们想要现金……噗	正面
99	大姐：不坑坑你你不会长大的	负面
100	我多喝几口，牙酸	正面
101	嘻嘻，如果是我，那个笑脸一出来我就破防咯，直接开骂啊哈哈，留着当电子宠物啊	正面
102	满脑子头皮屑	正面
103	定一套自己的标准，自己认可的完整才是真的完整。	负面
104	好像挺伤感但也挺好的好像	负面
105	我也是，火车票补票，中间有几个站，列车员问我从哪一站开始补，我从上站说的，他说:你确定？问了两遍？其实我补完脑子就转过来了，其实可以少说几个站，只要下车站是对的就行	正面
106	甜妹吗感觉现实中甜妹很吃香昂	正面
107	希望我改卷老师也这么聪明	正面
108	好像跟你一起步入婚姻的殿堂，蓉	正面
109	跟这样的男的说那么多干什么，直接拉黑，别跟他废话，浪费自己的时间	正面
110	保时捷就是不一样	正面
111	这个我在学校也看过诶！确实很像下雪	正面
112	不爱代糖，微微一点糖本就是神经的快乐。	负面
113	明天去药店买瓶维生素	正面
114	我完全不记得了	负面
115	有种看洗地毯的快感	正面
116	被搭讪的都是那种看着乖乖女小漂亮乖乖的	正面
117	我的朋友都说我看起来就很傻很好说话，所以会被我前夫哥渣男看上	负面
118	此时一个看到第三章就已经开始忍不住想骂的天秤座举手	负面
119	这表情包都太好玩了全程看表情包	正面
120	水溶100调酒不错	正面
121	作者怪有耐心的我看得拳头嘎吱嘎吱响	正面
122	哪个口味好喝！！！！	正面
123	还以为是什么炸裂的八卦	正面
124	是你吗？西门吹雪？	负面
125	这个微笑是在干嘛啊	正面
126	偶尔被搭讪，但我不是啥大美女，只是单纯体格子大我估计是很多人害怕了不敢搭讪175140斤	正面
127	带双方身份证和存折+密码	正面
128	没咋喝过，下次试试	正面
129	哇哇，公交车那个真的是这样哎！！！司机大叔们真好呀	负面
130	别的不说，我晕车的时候喜欢买两瓶，主要是因为酸	正面
131	原来是这样学的	正面
132	你怎么能做到跟他说这么多话的翻了几页居然还没翻完	正面
133	我外婆：你要找个厉害的好的男人嫁了	负面
134	地壳运动这名字起的真符合事实	正面
135	真的假的我觉得挺好喝的！但学校不卖没品的学校	正面
136	评论内容	正面
137	现实中基本上是这样的，当然了有钱的不算哈，就是普通家庭的男生吧，尤其是到了一定年龄考虑结婚的那种，一般都比较务实了。	正面
138	这，，。冒昧的问一下，这是几零后的聊天方式有一点点不适应	负面
139	我现在就开始剪一路生花	正面
140	从来没有搭讪过任何一个人	负面
141	这男的有够尬的	正面
142	又说不搭讪，搭讪了你又说别人普信男	负面
143	我直接搞起来哈哈	负面
144	所以我觉得非常耻辱	负面
145	一看这个头发就很值钱，绝对不是一般小店做出来的	正面
146	车牌咋没选个250呢	正面
147	太喜欢听你说话了美女	正面
148	下午就看过咯	正面
149	学会了加水喝哈哈哈	正面
150	科三，每次练习都忘了右转向灯，考试时候刚好有个车停了，我停他后面，就差一个右转弯就过了，但是没打转向，等红绿灯时候，大哥伸了个懒腰我立刻懂了，一次通过	正面
151	喝一周一瓶喝	正面
152	保存！收藏！借鉴！	正面
153	想买一顶这样的假发，姐妹们有推荐吗？	正面
154	头皮发麻，好恐怖	正面
155	因为她看起来就很贵啊	正面
156	宝宝学会了吗	正面
157	我开迈巴赫.停大街上	正面
158	我是在开玩笑啊	负面
159	哇我很喜欢喝！！！	正面
160	视频怎么做呀	负面
161	怎么哪里都有半佛啊？站关了，小红书就顺便关一下吧	正面
162	姐妹你太清醒了哈哈哈	正面
163	吾辈楷模，女王万岁万岁万万岁	正面
164	好好好学到了	正面
165	我爸去世之后他车子的绿本也找不着了，我去补办说要先去公证去公证，后来我妈去，遇见那个交警队办事的民警，他直接说你就说人在外地回不来，然后10块钱就补办了啥也不要	正面
166	留着干嘛？过年？拉黑啊	正面
167	我也看到这个了哈哈哈哈	正面
168	老子的意大利炮呢	正面
169	那我自己买瓶维泡水喝	正面
170	真的，有天出去玩热死没带水，好不容易有个自动贩卖机买了瓶水溶100，吨吨吨下去半瓶感觉活过来了	正面
171	不行这个记不住	正面
172	我考科目三也是靠边停车快到边的时候安全员一只手搭在车窗上不经意的敲了敲车门我立刻停下然后就过了	正面
173	，我真的要笑死了	正面
174	关键是它不好喝。	正面
175	脾气真好，我都不会跟他废话，一个星期不理看他还天天来聊天不	正面
176	有一种被知识了的感觉	正面
177	这视角像是射击游戏	负面
178	和这种你还能聊这么多啊……是我早闭麦了浪费时间……	正面
179	我真的是个笨蛋，基本的暗示我都听不懂	正面
180	这一局保时捷赢	负面
181	真那么喝，泌尿外科了	正面
182	在医院住院想晚上回家，护士姐：你不问就是可以回	正面
183	无糖版那是保健品了，又有营养又不好喝	正面
184	怎么才能吹出保时捷	正面
185	我昨天刷到过，救命	正面
186	告诉他别人是两条腿短他是三条腿短	正面
187	还真有人觉得大多数长辈催婚是出于好心，大多数是闲的没事干想拿捏小辈，极品多的你无法想象，关系好的长辈能说为你打算，你几个关系好的亲戚，半生不熟一年见一次的亲戚催你结婚憋啥屁你心里应该有数	正面
188	我就知道是单词	正面
189	我们也用这个吗	负面
190	参考答案：我到底遭了什么罪呀	正面
191	她头发好好看	正面
192	不是的是感觉会很浪	负面
193	这个特别真实，表面上是喜欢你，实际他只喜欢他自己，能同时和好多人聊天暧昧，看谁上头就和谁在一起	负面
194	真好啊，结婚前看到你的视频就好啦	正面
195	我用这玩意抗过去了口腔溃疡，一瓶	正面
196	？这么6吗下次路过买一瓶	正面
197	干嘛要吹我车	负面
198	你好会说没有脏话但是看得很爽	正面
199	我每次口腔溃疡就喝这个喝了就好	正面
200	要是这样的话我是不是就会科科满分了	正面
201	我证明，好看的不好看的，我都不敢搭讪。因为我是屌丝，怕别人骂我	正面
202	啊啊啊笑死我了	正面
203	完了，以我的智商……别人这样跟我说我还不想占别人便宜……或者以为别人看错了或者说错了我估计还的纠正过来	正面
204	因为一看就不好搞，弄不好还会被拒	正面
205	有天地铁提前出了站，跟安保说，他说你还要再花三块钱嘛，我说不然呢，他说那你去入口刷卡吧	正面
206	不要说这种，任何女的都不敢上去搭讪	负面
207	笔给你接着写！	正面
208	啊哈哈哈哈笑死我了	负面
209	正常人一般的确不搭讪。正经人谁搭讪？	正面
210	啊我有阵子喝了好多一天喝2瓶	正面
211	这个才是能在网上学到的有用的东西好吧	正面
212	趁着期末复习赶紧收藏	正面
213	早八看这个根本出不去	正面
214	喝西柚味的行不行，我觉得西柚味好看一点（其实忘了它俩口感上有什么区别了）	正面
215	还能管晕车哈哈哈哈你下次也试试	正面
216	刷到姐妹这条是有原因的，几个月前也突然出现找我聊天的小学同学，让我给他介绍对象	负面
217	那是不是孕早期吐的吃不下饭。就可以喝水溶100活着？？？	正面
218	啊突然小脑萎缩了	正面
219	这饮料还不错的	正面
220	无所谓，冰雹会出手	正面
221	这样的人只有两个极端。	负面
222	我自己就很搞笑了。我工作很轻松，朝九晚六的，闲得没事干，就去干兼职，摆地摊跑外卖啦。	正面
223	最讨厌别人发（长辈除外）	正面
224	我都兑水喝……阳的时候一天喝一瓶兑一升水	正面
225	哪里有这么多想法，男女之间很简单，喜欢就行动，适合就继续，不适合就欣赏一下，出于心止于智	正面
226	你火了，快借给河南那个网友用用	负面
227	别说健身整挺好。	正面
228	教科书般的破防	负面
229	张万森，下雪了	正面
230	我说现在去小超市总买不到水溶100	正面
231	为什么要和他说那么多啊美女姐姐，直接让他滚然后拉黑就好了啊	正面
232	是的我在银行能给办的都给办了少说几句话你好我好大家好但是就是有人听不懂暗示心累	正面
233	渣男锡纸烫，渣女大波浪	正面
234	好好笑好典型	正面
235	可能是为了岔开字体	正面
236	谢谢，拔草了	负面
237	水溶兑康复新液咋样晚上整个调酒试试，抓一个幸运儿喝光	正面
238	这男的什么玩意	正面
239	哈哈哈，交警小哥哥问我，你没带驾驶证是不是因为有电子驾驶证？我说，没有啊………	正面
240	亲戚问我还不结婚吗？我问他们结婚有什么好处吗？好处是天天当免费保姆吗？反正我现在一言不合就发疯	正面
241	好教科书式的破防	负面
242	站看完，来小红书再看一遍！！支持老婆！！	正面
243	好喜欢的精神状态	正面
244	他怎么做到和搞笑帖子一样标准的破防的	正面
245	怎么我爷爷奶奶一点都不封建	正面
246	你能给我当家教吗？教教我怎么说话	正面
247	我恨你我恨你	正面
248	所以说每次地震听到的轰隆隆响是从地下传来的吗我一直以为是房子晃动发出来的声音	正面
249	“我要是对你抱有过一点心思我就去死。”哈哈哈，这句话笑死我了	正面
250	主要是解酒快	正面
251	打招呼次数没有了，后台丝我一下哈	正面
252	主要是有自知之明，因为搭讪别人也不会理	正面
253	看了感觉真可怜	正面
254	疫情的时候，我们领导说非必要不出县。如果没有什么急事的话，周末最好是不要出县。还说“你们自己领会吧”结果把我们这些外地的全都领会回家了。上头要查岗，然后又火速的让我们马上回来还口头批评了我们	正面
255	怎么说呢，就真的很好喝	正面
256	确实就是有点甜	正面
257	跟他讲这么多，给他脸了	正面
258	这样谁还分得清你和爱因斯坦了	正面
259	正经姑娘被搭讪的几率会更低，无论你什么层次，正经人都不会轻易去搭讪	正面
260	我去，还挺有讲究的	正面
261	妈呀！学会了	正面
262	抽烟那个好烦啊，不问就不管	负面
263	真的好可怕，地震不会是大地为了吃人继续生长吧	正面
264	我嘞个豆好好好	正面
265	哈哈哈我现在学小红书问她你婚姻里过得好吗？她蒙圈	正面
266	我发现真的是这样，好像日子过得越是不好的，在婚姻经营的越是差的，越希望别人结婚时有人说相当于水鬼拉人下水。像那种过得很幸福的人，她都不会提这事儿。	正面
267	根本难不倒你	正面
268	第四个真的，说的这么明显了	正面
269	太爽了，好久没看到这么干净利落的回击了，赞	正面
270	我也刷到了好可怕	正面
271	一直都特喜欢水溶水100的我，看完你视频立马下单两箱	正面
272	原来一天300很夸张么我疫情期间买的维泡腾片一片1000	正面
273	从没搭讪的习惯感觉很奇怪。	负面
274	口腔溃疡真的！！每次都见效巨快！！！	正面
275	糖也会上瘾的，说明他含糖量太高	正面
276	讲真我是女生看完都觉得不舒服，我不知道这个男生对你做过什么过分的事了，但是我觉得这样说话太过分了。	正面
277	我还上京东搜了一下结果发现鹊食不配	正面
278	熬夜损失的，给你火箭式补回	正面
279	空腹喝啥冰的都不太好吧	正面
280	笑死我了刷到过类似的	正面
281	我就想问图上这个发型老师真的能搞出来吗？好好看的卷啊！	正面
282	笑得尿了两滴	正面
283	但你会离胰岛素更近一步哈哈哈哈	正面
284	懂了，考研不过如此	正面
285	真的好好看，超级喜欢下雪	正面
286	我觉得这个太好喝了。不是因为能治病，就是觉得好喝，哈哈	正面
287	写的什么稿子真么多重复我怀疑你小子水时长	正面
288	你还要耍好久手机才去洗澡睡觉？	正面
289	所以这样搭讪的男生很搞不懂看不见脸就搭讪	正面
290	最近天天刷到这种，救命（）	正面
291	棱镜必须有姓名！	正面
292	隔这学英语呢	正面
293	真的，我喝酒宿醉，就喝自己喜欢的饮料，狂炫一千毫升下去，酒就解的差不多了	正面
294	这种为什么不直接删啊，浪费时间跟他掰扯啥	负面
295	哈哈哈哈就真的很搞笑，完美表达对交谈对象的态度	正面
296	在小红书就是能学到真东西	正面
297	昨天刚喝了一瓶西柚味道的。我说我为啥过两天就想喝，原来身体里缺东西了，要让它来补充	正面
298	什么意思看了三遍没懂	负面
299	好的姐妹，你是多久开始看到效果的？	正面
300	我就是这种，从小没人要过联系方式，只有公司和学校，看起来盛气凌人自信且打扮看起来富婆类	正面
301	他们一般会出手他们把握大的	正面
302	只要一脸正经的毫不修饰的说大实话就好了！你那句“对你抱有一点心思我就去死”，相当的直白相当的妙	正面
303	雪把车牌盖了，上路算不算遮挡号牌？	正面
304	最招搭讪的是日系长裙可能因为没有攻击性我穿长裙甚至被幼儿园小朋友送过野花	正面
305	我一个长相普通的来这只能嗑瓜子	正面
306	不是说含糖量高嘛	正面
307	搭讪加微信然后删掉，她铁定回来扑你	正面
308	因为酸酸的，对治我晕车很有效，其他的效果……罢了	正面
309	夏天看下雪？	正面
310	瞧瞧这头发，就很贵。天天打理哦	正面
311	我饿最爱不仅好喝还补维	正面
312	终于是变质了	正面
313	突然长脑子了	正面
314	哪个理发师烫的好丝滑	正面
315	好典型的破防	正面
316	原来如此，是我方法不对	正面
317	过预产期啦，该打点啦	负面
318	喔我是太空人	正面
319	我喜欢西柚的苦味	负面
320	哇哇哇哇哇！	正面
321	说原则上不行就是行说原则上行就是不行那就得看那个人怎么给你说了	负面
322	我用它擦脸，晚上睡觉的时候，后面觉得贵就没用了，有点美白的作用	正面
323	躺卷文化是啥为啥最近你这么多产	负面
324	我早上刷到的	正面
325	我翻到后面都没看到英文单词，这居然是真事？！单词呢！	正面
326	这个红笔看起来好好用啊有链接吗？	正面
327	喜欢喜欢喜欢这个我们结婚做个这个吧我真的好喜欢这首歌	正面
328	我日和我那个初中车友一模一样	正面
329	我就说上网能学到知识	正面
330	我从来没被搭讪过，因为我发小说我长了一张随时砍人的脸	正面
331	呜呜我是笨蛋里面有几个我看了几遍才看懂你别骂我	正面
332	笑死了，妹妹好会说	正面
333	为什么像爸爸反而是女孩？	负面
334	我想烫这个头发	正面
335	单词歹毒的进入了我的大脑	正面
336	好快乐啊！！南方不配	正面
337	这款得2+吧	负面
338	笑死，骂得好	正面
339	一晚过去了，结果到底谁捆的谁！	正面
340	曾经听一个男生说，男生不敢追太优秀的女生，会选择相对一般而且给人印象好接近的，后来我品品他的话，觉得大部分情况是这样。	正面
341	我靠这语气像不像我给你转的那个男的说的话	负面
342	啊，我们家地方很小。因为户口本有点碎乎了，想去重新办一本。原本很厚一沓户口本，新的只有两个人了户警直接和我说，老本你留着，以后证明亲属关系这东西最管用	正面
343	原来之前做的发放都错了，怪不得我错那么多	正面
344	男生，看完感想：有点像爽文这图片中的男生多少沾点，纯这是	正面
345	已经好久没喝过这个了	正面
346	渣男才敢上啊	负面
347	公交司机原来是这个意思	负面
348	这男的破防了	负面
349	有没有会说的教教我我真的不会怼人不会吵架	正面
350	虽然我是女生，我赞同你的意见，我也不敢搭讪大帅哥，我也觉得在大街上突然去搭讪女生是很不礼貌的行为，女生会害怕	正面
351	第一条别的地方不知道我们这里开死亡证的同时就注销户口了所以不可能存在随便改改日期多拿一个月退休工资的情况	正面
352	要是我英语的话，估计只对几个，或者一个没有	正面
353	也不知道我一个没有男朋友的人收藏了干嘛	正面
354	头发和皮肤，真的是很能看出来一个女生是不是被精心或者富养大的	正面
355	这东西不错！	负面
356	看气场吧，小白花谁都想染指，霸王花谁敢靠近？	正面
357	快给我吓尿了姐	正面
358	精神状态满分	正面
359	现在有以前同学加我微信我都当没看见，要么就是结婚想随便找个人薅份子钱的，要么就是自己找不到对象非要来沾边的，简直搞笑，搞不懂什么样的勇气让他觉得我不结婚就可以让他随便选	负面
360	再有这样的你先往下刷刷	正面
361	脑回路太正常了	正面
362	哈哈哈哈这就是你说的反向改答案	正面
363	哇哇哇，好漂亮	正面
364	好像穿梭在星际中太美了太浪漫了	正面
365	我来帮你扫吧，我都没见过雪	正面
366	抽烟那个一点都不暖，室内默认不能抽烟的好嘛	正面
367	笑死了你就改吧谁能改的过你啊一改一个不吱声	正面
368	用的是5发膜嘛	正面
369	又给我吓拥咧	正面
370	姐你也太会回了，感觉你是好有人格魅力的那种很冷静又理智的姐……好喜欢……	正面
371	怼得好好爽文爱看	正面
372	看到帕拉梅拉笑不出来了	正面
373	之前我疫情请假回家，辅导员说让我直接走他不知道，我非要请假	正面
374	啊呀姐妹把嘴借我	正面
375	地震来之前会有声音就跟卡车过路似的很多人都不信	正面
376	我敲看到这个想起来我靠科三时候教练好像也咳嗽来着，但我太紧张再说相对有把握，根本没意识到	正面
377	买个气泵配合气枪。就是气泵补气的声音很大吹力足够	正面
378	1取钱拿着卡身份证有密码就行了啊	负面
379	怎么这么准她是不是天天蹲女性评论区学习了不然怎么踩这么准	正面
380	笑死……我看上去应该属于好拿捏的，也从来没有人搭讪啊……男生只会搭讪好看的，而不是好不好拿捏的……	正面
381	怀孕时候孕吐吃啥都没用，喝这个就好了，孕吐两个月，我喝了一箱水溶，我只能喝白色柠檬那个，绿色青柠和粉色西柚报喝	正面
382	没搭讪过，不懂	正面
383	有一种感觉，似乎等雪落完之后就能看见他了。	正面
384	原来帕美4也没地下车库	正面
385	一大清早神清气爽	正面
386	这个视觉像落在我手里落在我心上	正面
387	我觉得是这样的	负面
388	知识以歹毒的方式进入我的脑子	正面
389	球球握日的表情包	正面
390	大马力电吹风	负面
391	这个我刷抖音刷到过	正面
392	这雪下得还不小嘞！	正面
393	珠三角太热了	正面
394	我要这根红笔	正面
395	直接吃维片不就好了，这个不含糖，的那种，两块钱60片。泡腾片还是贵的。吃水溶100主要还是好吃，享受糖的味道。	正面
396	前阵子我毕业就不联系的小学同学突然给我发消息，说他路过了我家，突然想起我了，然后就开始怀念过去，感叹现在，接着就说想见面	负面
397	我们结婚也搞这样的	正面
398	长这么大只有一个男生搭讪，基本上都是招老年人来问路	正面
399	一辈子被老公宠成小公主，过得很开心的催人结婚，我还能理解。那些过得不好的也催人结，可能主打的就是一个“我过得不好，你们也别想好。	正面
400	救命，电动车不带头盔那个就是我前两天发生的，两个警察问我两边是不是第一次，还好我真的是第一次现在看到感觉忽然反应过来了	正面
401	我可认真的看！后面这样！！！	正面
402	这个卷发是真好看啊	正面
403	那就买一瓶咱们三人喝一人满足100然后兑水糖也少了	正面
404	你小子懂点子浪漫的	正面
405	建议学校老师这样改卷子	正面
406	原来一直是答案错了	正面
407	嗯嗯，但要是老人过世之前没有告知子女密码就很麻烦	正面
408	哈哈哈哈，好会说噢妹妹	正面
409	总有一天会用上	正面
410	他们又布吉岛	正面
411	之前看到过一个视频，飘的是头皮屑	正面
412	初中因为长相被异性嘲笑，至今不敢谈恋爱，更没有桃花	正面
413	包括单位事情，有些事你自己想明白了其实不要跟领导，你说了他同意就是他的责任，有规定所以他是不会同意的。你不说出事了你自己担着就行。	正面
414	嗯，他不接我们的暗示	负面
415	审美不一样并不会觉得好看啊	正面
416	我有次就是，高铁坐过站了，应该补缴多坐的钱，我前面也有个坐过站的中年大叔，他一直骂骂咧咧	正面
417	浪漫在哪没.到	正面
418	追不到就互踩呗牛	负面
419	本来就贵、你这么一来、又要贵了	正面
420	以后结婚就用棱镜的歌	正面
421	！原来竟是这样	正面
422	很爱的人才会用这首歌吧	正面
423	《我又不缺美女》典，他是不是把梦里的和片里的美女算上了	正面
424	学生老是问我是不是必须用这个软件，问就是要	正面
425	总结一下：你很漂亮哥喜欢你跟哥在一起，哥很多人追但哥就是喜欢你能得哥喜欢是你的荣幸。被拒绝后：笑死其实我也没那么喜欢你你不会真的以为自己很漂亮吧	负面
426	学校里面不是一抓一大把吗？	正面
427	汶川地震时当时我们离震中有两百多公里但当时地面就像波浪一样根本站不稳	正面
428	直接出无糖版本的，一直想喝，一直又纠结糖	正面
429	我今天铲了半天	正面
430	有个人拿着文件去找前台，前台说：必须本人签字。那人说：他不在。前台：你出去找本人签字那人：他不在我怎么找啊。前台：你出去（其实潜台词就是让他代签）	正面
431	所以不吭声回去也就回去了？	负面
432	这姐嘴巴太牛了我要学	正面
433	我大四的时候，初中一男的说他一直喜欢我，是我没给他机会	正面
434	喝的太齁了，用半瓶掺上水喝，不过这样对我来说还是有点齁，我一般都14瓶掺水喝	正面
435	原来这么厉害	正面
436	真是个小聪明	正面
437	学习了老师们	负面
438	对面发现没有机会就开始破防了吧	正面
439	看着好有气质好贵气	正面
440	所有人都疯了	正面
441	我笑死姐妹好棒！	正面
442	我先买两盒试试，谢谢姐妹	负面
443	好奇身份证被朋友拿走知道密码也能取走钱吗	正面
444	肯定是这样的	正面
445	在银行的还是要多注意	负面
446	哈哈哈哈虾仁猪心	正面
447	卡没冻结，对方知道密码又有双方身份证，银行的不知道人家去世，可能以为就是简单的转账业务	正面
448	是谁发明的这种学习方法	正面
449	好好好我考研卷子她来改	正面
450	一键查询考研人的精神状态	正面
451	我也是每次都说下次就扣钱了啊，这次先登记，后面都是看到提前绕着走	负面
452	你真捞我都刷过	正面
453	就笑吟吟地盯着她打掉牙的地方看，她会发毛的	正面
454	你就不该给他留面子我看了都想打他	正面
455	太凶了我，我对女孩子比较温柔，跟美女玩更开心	正面
456	啊啊我就是那种看起来好上手的人因为我脸比较圆，我以前走的可爱风，然后就有很多人来搭讪。	正面
457	学会了，下一个	正面
458	笑死我了，怎么这位的尿也是哑光的吗？	负面
459	我刚才是学习了一个单词？	正面
460	他说的太专业	正面
461	救命啊我要笑死了！！！！	正面
462	可是这个好甜	正面
463	我都是说你可以二婚	正面
464	笑死我了笑死了	正面
465	我们公司是人脸识别	负面
466	歹毒但是管用，我身边唯二结婚的两个同学就是原生家庭太窒息，迫不及待想跳出来。结婚三个月后跟我说让我坚持住，别妥协着结婚	负面
467	估计是一般人想办得找人找关系吧所以他对你一个人跑过去办很惊讶所以问你是不是有什么关系	正面
468	我觉得你已经骂得很好了我看过更多例子是装傻充愣或者不认戳破的	负面
469	太牛了这个意识	正面
470	我也想！！！！	正面
471	我现在默默打开了灯	正面
472	蛙趣，厉害！	负面
473	看到后面悬着的心终于放下了	正面
474	？那你要的重点是啥	正面
475	我特别喜欢喝，看了视频更喜欢了	正面
476	公交车那个，我真以为是司机让我自己想办法交钱	正面
477	我特别喜欢喝，突然就火了？	正面
478	这个背影我以为要说徐晓薇	正面
479	一不小心又背了个单词	正面
480	都是一些人不尊重规则不尊重工作	正面
481	到底谁是出卷的	正面
482	这个歌还是好	正面
483	？我图穷匕见	正面
484	笑死了我要和你学骂人	正面
485	就是抗坏血酸很便宜的东西直接买来兑水喝	正面
486	学会了，马上发给省考改试卷的人	正面
487	很赞同博主说的，实际情况差不多就是这样的	正面
488	我也一直不到范冰冰的颜值虽然她的每个部位拎出来都符合美女的标准确实每个人对美的感受不一样我觉得钟楚曦就很美	正面
489	姑妈：必须漏！不漏不行！	负面
490	好可怕，我怕我高中那个男的加我也这样，，	正面
491	啊？？？？？？？？？？？？？？？	正面
492	你长得太贵了	负面
493	骂死他行不行	正面
494	我靠太害怕了吧	正面
495	我就是那个听不懂的，哪里有可以学的	正面
496	蛙趣怎么会有这么聪明的人	正面
497	想到你说的那个	正面
498	懂了，以后就这么干	正面
499	人家问我。我能让家属回去吗其实按理来说最好家属在，万一有意外，有个人在身边也能尽快发现，我们也能和家属尽快沟通。	正面
500	建议出无糖版！	正面
501	我是不是学习了	正面
502	老天爷诶这到底啥车，一会说保时捷一会说法拉利的	正面
503	我月薪一万，搭讪个月薪六千的，如果搭讪个也月薪一万的就难成了，更何况更高的。	正面
504	那他为啥要多说哈哈哈（跟我差不多我一着急就容易乱说话而且特别不担事紧张的要死）	正面
505	会吸引到一大波迷妹	正面
506	可是我唇炎就喝这个只有喝这个才能好喝其他的没用	正面
507	一个滑步绕过正文，直接开始背单词	正面
508	啊，这就是学霸的理解能力吧	正面
509	12年前是没有网络联网的现在驾考都是联网在线不能说话不能有任何提示	正面
510	看到大家都这么颠我就放心了	正面
511	你也觉得我幽默啊？	负面
512	这个是我前天还是昨天晚上刷到的，结果今晚11点零几分，我就感受到了震感瞬间笑容僵了，脑海里第一飘过的就是地震裂缝，吓死我了，而且真的听到轰隆隆的声音，我这还不是震中，隔壁城市我家3楼	正面
513	哥们我笑死了	正面
514	疫情刚放开的时候我就囤的两箱水溶100，倒下的时候喝这种冰凉的真的很舒服	正面
515	去酒店也是，如果不想登记就别在前台晃悠，直接坐电梯上去就行了。	正面
516	我身边被搭讪多的反正都是大美女没见过什么好上手的容易被搭讪这言论是哪里得出的	正面
517	医院住院病人是不能外出的，有的病人外出还要跟护士说一声，问就是不能外出，你不要跟我请假	正面
518	我听成了：唉！对对对对丝对！	正面
519	我不行这对我来说太酸了	正面
520	大部分劝人结婚生孩子的都是想拖人下水，见不到别人过的比自己好	正面
521	答案：离了个大谱，到底谁是正确答案？	正面
522	想到，。。	负面
523	还对了三题呢	正面
524	可以不猜啊那就按规章制度办呗，人家给的暗示是给你的方便而已，不是人家的义务	正面
525	哈哈哈姐妹好棒我的乳腺通了	正面
526	想回哈哈哈又觉得挺恶心的	正面
527	前面有人评论说地震的时候，震动会让土松动，所以	正面
528	原来小红书都是30	负面
529	超级耐心不是同款	正面
530	好搞笑啊其他女生是兄弟	正面
531	以后改试卷都这样改，听到没	正面
532	虽然但是，还是想说一下好像我那三天没洗的头	正面
533	什么都要暗示什么都要猜什么都要察言观色，这样活着不累吗	正面
534	这世界终于活成了我想要的颠样	正面
535	好悟了反向批改我是行走的正确答案	正面
536	哇，我晕车，那我下次一定要备一瓶，明天就去买哈哈哈	正面
537	我也得一句一句的看，因为我太笨了	正面
538	好典玻珠脾气好好是我我早就骂回去了	负面
539	笑死啦现在主页全是这个	正面
540	我们这边地震好少，震感也没有很强	正面
541	我去姐妹，你的感情观简直和我一样，我真的不想恋爱，觉得就是浪费时间，我真的把恋爱排到最后一位	正面
542	学到了数学就这样搞	正面
543	哈哈哈哈自己的才是正确答案	正面
544	估计头一次作弊	正面
545	一起变美美的	正面
546	完全没想过会是这样我就说为什么有些人写着都是失踪而不是死亡	正面
547	给我看这个干啥，呜呜呜，这种事情对我来说，遥遥无期	正面
548	怎么烫才能有这种效果？我做了卷发就跟没梳头一样	正面
549	当我拿出这杯用水溶调的长岛冰茶，请问阁下该如何应对	正面
550	看的人舒服了	正面
551	想起来了之前有个初中的男同学在高中加我，也是说暗恋什么的，我压根不信，然后不想理，后面过了段时间特地给我发找到对象了对象怎么怎么样笑死	负面
552	说的我想试试	正面
553	这首歌真的很好听	正面
554	今天拍到的雨	正面
555	直接买来喝一下	正面
556	这是我最喜欢的饮料	正面
557	男生轻易不会搭讪“不好控制”的女生	正面
558	我靠这特么太恐怖了	正面
559	他完全不会说话	负面
560	看得我一愣一愣的	正面
561	在银行，委托书要授权人按手印或者签字，他们竟然想直接在我柜面上，说“我帮他摁”我就说“这里都是监控不行的”。	正面
562	在暗示什么我没看懂	正面
563	真好多聊一句都浪费生命	正面
564	人贵有自知之明	正面
565	还是那句话，阶级不同，就要去打破，而不是硬融。不同阶段，言行举止不一定不同，喜欢搭讪的不一定是穷人也不一定富人，但一定是所谓的中产，高不成低不就的那种。	正面
566	那个交警问我有没有16岁	正面
567	破防的好标准啊牛	正面
568	没想到水溶100这么妙这期解说的包袱也很好笑	正面
569	我真的服了我现在不敢在小红书吃瓜了	正面
570	真歹毒我服了	正面
571	喜欢被女孩子搭讪，特别是她们说我衣服搭配的真好看的时候，会开心到爆	正面
572	滑雪场里冲雪板的	负面
573	长途车防晕车必备，每次坐可能超过一个小时的车都会带一瓶，尤其是那种机场大巴一类的车	正面
574	我准备好了你呢	负面
575	我朋友帅，一米七几黑西装锅盖头（以前那个流行锅盖头的时代），都有男的三天两头问她，因为她实在长得太靓了。后来上了大学之后把头发接长了，纠缠的男的女的都变多了。	正面
576	可以去试一下我上次真的有用撒谎我暴富不了	正面
577	他也没车库我舒服多了	负面
578	前几天开车遇到临检，我没有酒驾但是当时手持手机在打电话，交警让我出示驾驶证行驶证然后罚了50扣三分，如果我说我没带是不是会放我一马	正面
579	孕早期靠这个度日	正面
580	治晕车也是真的我坐长途必带	正面
581	学会了，这下我雅思能考10了	正面
582	一瓶含200片维生素？	正面
583	可怕的冷知识	正面
584	哦，好好看，我配不上，告辞	负面
585	中国人的人情世故	负面
586	绿色的那款不甜，最酸的，最好喝	负面
587	第一个那个不行啊跟死亡证明对不上，跨月多领的钱是会发生追缴的	正面
588	起诉离婚告到监狱了吗	负面
589	刮刮乐评论区笑疯了	负面
590	是花生和芝麻双拼吗？我在广西喝过一次，到现在都念念不忘	正面
591	其实这样也有一个好处，就是下次直接用答案解析，把自己选错的放在正确答案旁边也挺好啊	正面
592	这个只适合干雪，湿哒哒的雪根本吹不动	正面
593	第四张截图后我就不会跟他多打一个字多说一句话都感觉在侮辱自己	正面
594	好爽！姐妹好会说！	正面
595	没男人缘不知道哪里出问题	正面
596	以后宝口腔溃疡就搞一瓶	正面
597	按照法律老人去世留下的财产不是分割继承的吗？直接告就行了呗！	正面
598	过量食用蔗糖果糖葡萄糖对人体更有害，不仅有害还会变丑肥胖啊	正面
599	果然经济下行，便宜饮料都要来收割钱包了……别嚷嚷这玩意了啊，一盒维生素3.5元100片，一天一片就不足维生素了，一年才只花一瓶水溶100的钱……水溶100含糖量高到你不口腔溃疡了但你得龋齿和糖尿病了~\(≧▽≦)	正面
600	参考答案主要就是个参考…具体还是得以咱自己为主	正面
601	因为高攀不起，还是要有点自知之明的	正面
602	结婚好不好呢？对我这种对生活提不起兴趣的人来说，好歹能找点活着的乐趣	负面
603	吹这么猛小心宫寒	正面
604	是你审题不清，他是说这个不好看，没说喜欢的事	正面
605	以后看到这种奇怪的标题会记得不点开的	正面
606	哈哈，明白了，一时没反应过来	负面
607	我想知道大家出门被要微信都是怎么回复的，真的会给他们吗	负面
608	小时候坐公交，有人刷不了卡又没钱，司机也没说话，那人一直再问纠结怎么付钱，结果我就给她投币了。小时候真是傻的不行	正面
609	不知道，不负责这块	负面
610	他在说什么啊，乱七八糟的，我不太会看人破不破防，但是能感觉到他语言系统发育不完善	正面
611	好歹毒的知识	正面
612	这条视频和水溶100一样能量满分，解决了我对喝饮料的心理负担	正面
613	我刷过这条哈哈哈	负面
614	这一瓶也才100啊，含量也不高	正面
615	不懂就问，请问这是半佛老师恰饭专用号？	正面
616	艾，就这么一不留神对一个单词产生了不可磨灭的记忆	正面
617	真人真事隔壁一个独居老太太几个儿子没人管一个人住别人的房子，每天早上要起床给儿子做早餐摸黑把脸上都摔破了没人管这个老太太偷别人装修的东西被抓到了起争执人家推了一下她一家人马上报警110等着赔钱太有意思了	正面
618	艾特我干嘛艾特妈啊	负面
619	我前一晚喝了一瓶，第二天一早体检尿偏高	正面
620	为什么不按规则来，非要占这种小便宜呢？不是很懂。	正面
621	哈哈哈，看过	正面
622	这个让我想起之前我做质控的工作上班第一天，领导就说一定要严格按照操作规程来如果同样一个不合规的行为	正面
623	嘴借我用用，太会说了	正面
624	不管怎么样靠被搭讪来肯定自己这种行为很物化自己好看与否确实需要别人的认可	正面
625	我就说网上能学到真东西	正面
626	听你说话觉得你好可爱	正面
627	呜呜呜呜我也想看雪	正面
628	你明天也买一瓶喝喝	正面
629	姜哲呢？我的姜哲咋还不出场	正面
630	我结婚的时候我对象就是唱的这个歌	正面
631	喝完口腔溃疡也没好	正面
632	忘记说了二胎是儿子	正面
633	晕车真的太神了，两口下去全给你压下去	正面
634	不好意思想问一下房子会转向是什么意思	正面
635	我们考勤忘带卡可以签到算正常考勤。时间都是自己写的，比如8点到算正常考勤，总有几个人八点零五到，然后问我我八点零五到的算正常考勤吗？我说不行，然后就骂骂咧咧的。	正面
636	很难想象对面是个人，	正面
637	我是不是因为喝这个才长痘痘	正面
638	哈哈哈姐妹铜墙铁壁的防御，一点伤害没有，太牛啦	正面
639	吸引渣男，美貌和智慧必须双出	负面
640	喊他发个照片看看他现在跟以前有多不一样	正面
641	我也是，工作人员说回家想个办法叫他签字，签好拿来，我就在跑到外面签，等个5分钟又进去，办好了	正面
642	我是那种不会被搭讪，但是总有猥琐男动手动脚，开黄腔	正面
643	破防得非常教科书	负面
644	笑死刚想问红笔链接	正面
645	我姐结婚出场就是这首歌结婚前我俩随意聊天儿的时候她跟我说超喜欢这首歌，结婚当天歌儿一放出来我直接爆哭	正面
646	有时候不是没听懂，是不好意思让别人为难	正面
647	对答案方式领先世界800年	正面
648	我他妈也要被你浪漫死了	正面
649	又多了个喝饮料的理由	正面
650	他们人还怪好嘞	负面
651	哈哈哈哈姐们好喜欢你说话，太爽了，粉了粉了	正面
652	这是什么练习册啊	正面
653	好好好就我们没这嘴	负面
654	看到18有点想吐了	负面
655	玛雅好吓人啊	正面
656	这个真是你想太多列车员手上的机器能看到你从哪里进站的，所以补票的时候都是问你到哪里	负面
657	《你腿短就行》我笑的	正面
658	太长了，不想看	正面
659	烂桃花，这男的自己破防了笑死	正面
660	能加个微信吗？哦不加啊。不加就算了，行吧，其实我也没有很想加你，笑死，我有女朋友，我看不上你。你挺一般的，哈哈哈，搞笑死了，你真的很装这是不是一模一样	正面
661	《我要是对你抱有过一点心思我就去死》	负面
662	为什么不用手扒拉，多爽	正面
663	每次坐长途都会买一瓶	正面
664	又被骗进来了	正面
665	你真是个人才	正面
666	这个头发是烫的还是卷的	正面
667	看看看！！！！！	正面
668	你真的好会说！	正面
669	说的是幼儿园蛮受欢迎的说自己大了以后没人理她哈哈哈刘亦菲啥都有还清醒当然一般男的不敢靠近	正面
670	果然不同意他的申请是有理由的	正面
671	催婚？我们重拳出击	正面
672	男的看完都觉得生理不适了建议你再把这篇小红书分享给他再狠狠破他一次再拉黑	负面
673	有谁记得之前有个维饮料叫悦活格吗我超级喜欢可惜没有了	正面
674	养兵千日用兵一时	正面
675	我会回家叫委托人写	负面
676	好美的精神状况	正面
677	这孩子打小就聪明	正面
678	天呐知道会合上但以为是个长久的过程没有想到是一瞬间的事	正面
679	原来这么多年我答案都对错了！我说每次错那么多	正面
680	我的白眼都翻上天了真的已经生理不适了一点都不想谈恋爱	负面
681	左手右手一个慢动作	正面
682	我的天好恐怖	正面
683	现在男生好像都不会轻易搭讪女生了，酒吧娱乐场所处外	正面
684	也有可能是其他女人不搭理他	负面
685	我之前一天5瓶的喝后面反酸了	正面
686	怎么还带口音	正面
687	这种打扮就很精致，散发着一种姐很高贵你们不配的气质，我超爱这种并且在努力成为这种	负面
688	我的人生：吃一堑吃一堑吃一堑吃一堑吃一堑	正面
689	我笑死这男的给我乐了，好离谱的人	正面
690	哈哈哈哈笑死	正面
691	这糖含量太多了，喝多了容易死	正面
692	以我的脑子，估计是听不懂这些了	正面
693	赤藓糖醇之类的就没问题啊	正面
694	明天就去喝，我怀疑我口腔溃疡就是缺维	正面
695	笑死，正老师出书！！	正面
696	成考的时候，参考答案错的挺多	正面
697	为啥这个雪在上面不会结块成冰呢	正面
698	姐妹看你聊天就跟看爽文一样，每一句回复都让他破防	正面
699	好好好来这套是吧	正面
700	桃花旺带贵人	正面
701	作为女生，只能说被其他姐妹要微信比被其他兄弟们要微信开心的多。	正面
702	经常喝这个，之前两三天就要喝一瓶，就爱喝酸的，不过最好晚上喝，白天喝好像容易给皮肤晒黑了	正面
703	黑长直更有距离感	正面
704	我谢谢你啊我看这个视频的时候正带着耳机耳膜都要给震破了日	正面
705	真正的美女，都形单影只，没有什么朋友，也没有人追的。懂得都懂，不懂得细品一下也都懂	负面
706	康复新液，美洲大蠊。自从喝这药开始，对药品的认知又多了不止一点点。	负面
707	图二看电视那个，我觉得还是不太行，如果以后小孩子想做什么就做什么，都不问大人了，不太好吧。毕竟小孩子还没什么分辨是非的能力	正面
708	柠檬味的加百香果！非常绝！	正面
709	那这么讲，水溶100岂不是很适合作为低血糖患者的救命神仙水	正面
710	姐们，你虽然没有骂他，但是你的每一句话都很直白爽快，我要是能说出来就好了	正面
711	我的答案就是答案哈哈哈	正面
712	我经过的其它城市的机场安检大多比较严格，只有上海…比较松垮	正面
713	真的很离谱，他这种像恋爱脑级别，假象把自己作为深情者	负面
714	哈尔滨不配，冻的杠杠的	正面
715	可是一瓶一百粒也就3-5块啊	正面
716	我只要一晕车或者吃撑了胃不舒服，喝这个就能缓解，胸口到胃就很顺了。而且得是喝柠檬的那一瓶。	正面
717	我同事报销：这个可以可以这样吗？我：你问我，就是不可以。他：我懂了。	正面
718	在新疆遇到过几次地震有次半夜睡在席梦思上被晃醒了，本着大震跑不掉，小震不用跑的原则，迷迷糊糊又睡着了	正面
719	《上来一波深情人设》	负面
720	笑死我了捏吗	正面
721	我很想回想出一个这么温情的瞬间但是想了很久都想不出来，应该是我笨到从没到过别人的善意提醒	正面
722	把咖啡换成这个	正面
723	马上当复试评委吧	正面
724	经历过512的四川人表示确实是这样裂开之后又会合上河里的水也会瞬间干掉	正面
725	是山西诶五月下雪真的我哭死	正面
726	这个没反转，真的是单词	正面
727	姐妹儿说话我是真喜欢	正面
728	学英语呢我哥？	正面
729	太爽了姐！！！你好酷！！看完我乳腺非常通畅！！	正面
730	后面可能会开口要借钱	负面
731	第1000条评论给自己	正面
732	看到你的简介一时不知说什么好	负面
733	你们那里的雪怎么不粘车的感觉嘴巴一吹就可以去掉	正面
734	评论区让“地崩山摧壮士死，然后天梯石栈相钩连”有了画面感，好可怕	正面
735	看起来像卖的	负面
736	笑死了啊啊啊啊	正面
737	他妈的笑拥了我的答案就是正确答案	正面
738	什么牌子的推荐一下啊	负面
739	觉得这样的比较费钱	正面
740	怀疑是脾破裂，急诊剖腹探查，当时听隔壁说剖了不一定能活，不剖一定活不了	负面
741	叫什么名字啊啊啊	正面
742	典得有点太典了	正面
743	真的很好用！小时候有点想咳嗽感冒和一瓶就好了！	正面
744	最喜欢青皮桔味道的，但是很多地方没有	正面
745	哈哈哈老婆你来看这个，这个男的好好笑哈哈哈	正面
746	可不是嘛，地面在滚动捏	正面
747	其实就是个气质的问题	正面
748	这个玩意真的太酸了啊！我算得喉咙痛，胃痛。	正面
749	好美的精神状态	正面
750	从小就很多人喜欢，但我就是别人口里的校花，大学系花，所以我想说的是，真正漂亮一定是多人喜欢的，不多就是不够漂亮，别到处找借口	正面
751	好了好了不要再吹了，再吹我要喝不起了	正面
752	哈哈哈哈宝宝你也喜欢柾国	正面
753	要是我已经骂了几遍了	正面
754	不行，我不同意	正面
755	懒得看我高中男的全是这样	正面
756	广东接下雪南方人还没看过	正面
757	学到了学到了	正面
758	天杀的，敢耍老子	正面
759	有没有男的出来解释一下你们会搭讪一般的女生吗	正面
760	看了配图明白了，为什么大夫看我尿常规蒙圈了我也是头一天喝了水溶100，第二天早晨尿检	正面
761	看到啦看到啦，你用过之后感觉怎么样？	负面
762	学吧，谁能学得过你呀	正面
763	笑死了反向操作	正面
764	我考科三上车到回家六个小时，第一天没喝晕车还吐了...后面三天加考试，一晕车就是靠他活过来的	正面
765	果然真相还是得自己创造	正面
766	我唯一爱喝的饮料不舒服了总想来一瓶	正面
767	这辈子都想看一场雪	正面
768	天呐，太可怕了	正面
769	所以机器真的没办法代替以前我有个辩论赛我就提过这些人间冷暖机器不知道，会让社会更加不方便	正面
770	马上去一件，这是真的吗？	正面
771	博主的手和我的手好像啊，我的手啊我的手，你怎么背着我偷偷去看雪！！	正面
772	惹不起的感觉	负面
773	她的头发真好啊	正面
774	强者改变环境	正面
775	那怎么认识新的人呀（认真发问	负面
776	我还在期待下面的剧情的时候怎么突然开始学单词了	正面
777	我没看懂，可以解释下吗	负面
778	姐妹你好會說話	正面
779	哦哦学会了，明天就喝，你请我喝	正面
780	想下雪的冬天了	正面
781	漏风，以为你是0	正面
782	感觉她们应该（或者已经）配更优秀的帅哥而不是我这种鼠鼠，搭讪也只是被礼貌拒绝罢了	正面
783	这种头发怎么卷的	正面
784	我也刷到了！冲的都是同一片浪	正面
785	你不专业了，按国家标准规定办完正式牌那天临牌任然有效，是可以挂的。	正面
786	青柠味儿的还好	正面
787	胃胀的时候一瓶可乐比啥都好使我相信食疗的	正面
788	干掉标准答案，你就是正确答案	正面
789	顶级乐子人这么抽象的吗	正面
790	好浪漫好浪漫好浪漫好浪漫	正面
791	这个疯了。下一个	正面
792	死亡时间说迟几个小时，没有人会和你核实的。	负面
793	我就不同了，女生搭讪我的多	正面
794	感觉扫一下更快呢	正面
795	希望你能穿成这样	负面
796	是罗曼史是别册附录的主题曲耶	正面
797	就像流星，像我飞来	正面
798	怎么我之前回的那些都被吞了啊	负面
799	你眼睛确实嘎嘎好看	正面
800	打得好，叫她管闲事撒！	正面
801	倒数第二张...这男的你赶紧给他删了吧	负面
802	我喜欢你。一句话也不跌地上。狠狠的一针见血地聊天	正面
803	我也爱！半佛哈哈哈哈我经常站看他	正面
804	然后呢，被搭讪了发到这里来？	正面
805	想要模板！蟹蟹	负面
806	对气场强的不会被搭讪	正面
807	不不不，在贵州有，我当时还读幼儿园，我印象超级深，当时正好下午睡完觉，老师让我们起床，我躺床上，看在天花板灯在动，过一会我床就在摇，然后没过多久我们救被叫到院子里面去了	正面
808	它好喝啊，要不是含糖太高，我直接吨吨吨吨	正面
809	我现在看到这种都直接拉最下面，没有单词反倒不习惯了	正面
810	这题我会！！之前手机丢了报警之后警察叔叔帮忙找到了偷手机的也被抓了...然后我那个手机屏幕本来就摔裂了一些比较影响手机评估定价（盗窃是一定金额以上才能量刑）...然后评估时候警察叔叔给我打电话问我“你这个手机屏幕是不是在被偷之前是好的？”我愣了两秒钟说“是的我这手机可新了”然后警察叔叔说那没问题了你等信儿吧	正面
811	我们终会相遇的。我相信你的存在，你感受到了，对吗？	正面
812	为啥我们这说交就是真的交	正面
813	'喝青柠味小果汁儿	正面
814	为了这口醋，包了顿饺子	正面
815	哈哈哈，可是经过这种事以后变得更老实死板了所以长大以后遇到这篇笔记写的情况的时候根本没往那方面想过就觉得应该按规矩办事	正面
816	你和他完全不在一个程度上，你直接碾灭他	正面
817	那样不好吗？为什么要被人轻易搭讪？	正面
818	对答案得这样对	正面
819	我愿意考试的时候抄的那一份的答案	正面
820	以前超爱后来觉得甜就很久不喝了看到宣传又想去试试	正面
821	可能是龟苓膏，上面加的炼乳	负面
822	好歹毒的方式	正面
823	看看最右边的科技与狠活	正面
824	哈哈你好毒我好喜欢	正面
825	这个网名我确定非常符合，聊天记录里的高级发言非常大块人心	正面
826	对的，喜欢看，真的喜欢看！！！	正面
827	什么？！竟然可以像文案里一样这么冷静沉着事业心，好厉害，我要向你学习！	正面
828	渴了饿了想美白想壮阳了都可以喝	正面
829	主要是这玩意有点恶心	负面
830	正常男:配不上，溜了溜了。男:美女加个微信，不要不识好歹，摸一下怎么了？码的穿这么不就勾引我的吗？你要被人打了都是你自己不检点	正面
831	是的除非真的傻到眼瞎了才会鲁莽一般情况下很少搭讪但一直盯着看确实不少	负面
832	好浪漫等一场大雪	正面
833	照着标准破防	正面
834	我们也是，拍照，人脸识别，还有定位	负面
835	姐妹，你跟他每说一句话。都脏了你打字的手，别理他	正面
836	一大早就刷到这么爽的爽文心情舒畅	正面
837	看背影确实是大美女	正面
838	直接上1000的	正面
839	因为知道这是做夜场赚钱的	正面
840	卧槽真给我吓到了	正面
841	那就要看这个姐妹自己了	正面
842	真的宿醉之后，早上就想灌瓶水溶	正面
843	我考科三的时候由于紧张上车忘系安全带了，考官问我你准备好了吗，我才反应过来跟我一起考的下车跟我说我都想跟你说你没系安全带了	正面
844	是为师没注意语言的艺术了	正面
845	我妈催我，我说，周围附近没一个女人嫁的好，你还要我嫁？（这个好是指丈夫顾家品行好脾气好）	负面
846	又想买苹果手机拍照了	正面
847	原来是答案错了	正面
848	模版，赞了，有机会用一下	正面
849	人类在大自然面前还是太渺小了	正面
850	《我又不缺美女》	负面
851	是否被男的搭讪主要是看女生的身材和颜值和男的的审美是否一致吧还有女生是否“媚男”男的也是看得出的。	正面
852	恶毒的知识进入我的脑子	正面
853	整段聊天记录都神神的	正面
854	看到了我以前就属于爱问的一定要个肯定答案,现在在改了	正面
855	密密麻麻是他的自尊典中典，笑疯了	正面
856	但是你说本人去世了那就得走各种公正程序，不懂还杠	正面
857	他们只是想白嫖	正面
858	有三道题马虎了吧	正面
859	我觉得扫掉更快	负面
860	来个模版啊给我看的呜呜呜的	正面
861	是嘟，真的要“聪明”一点	正面
862	易烊千玺闭眼放炮	正面
863	过于实诚就是蠢	负面
864	又是炒作割韭菜	正面
865	好恐怖，突然不敢去九寨沟旅游了，好害怕	正面
866	我也看上笔了	正面
867	我真的要笑死啊啊啊	正面
868	有点好笑又可怜是怎么回事	正面
869	好的，谢谢你，黑笔正确率一下上来了，我明天就试	正面
870	从哪接的电呀	负面
871	雨是神下的烟花，我终于用到了	正面
872	笑死我了这个聊天	正面
873	这些天不打算开车了车上的雪不清理没啥吧？	正面
874	我是南方孩子，好羡慕出差也没一次赶上大雪的	正面
875	男生就不能社恐是吧，社牛就是普信是吧。天天搞门当户对?	正面
876	我总觉得这种话术是一些普通人的自我安慰	正面
877	突然感觉我也不是很傻	正面
878	强烈建议出个无糖版！！！	正面
879	我看到的或许不是这个	正面
880	我就知道我这么聪明肯定不会错这么多的，原来是答案错了	正面
881	挺好的自动删选搭讪干啥又不认识	正面
882	兄弟换个扫雪笤帚吧，你这玩意效率有点低啊！	正面
883	草，好屌的机器	正面
884	别的确实，但是抽烟那个，要抽烟的人请务必问一下好吗？我是真的很讨厌饭馆里有人抽烟！！！	正面
885	真的是上大学的时候晕车我就会带一瓶水溶不知道是不是能治晕车反正一坐车胃难受就来一口能有点缓解	正面
886	好好好，我以后也那么改	正面
887	笑鼠了按教科书破防的	正面
888	你在说什么，自然灾害你能避免的了？是突发的，尤其是在地震带的地方	正面
889	你雪冰城不可以吧？当着她面掉地上的，没有给我补啊！接过来了，我女儿插管没有插好整个掉落破了。问可以补吗？她说不行啊！	正面
890	还他女朋友腿比你更长更白，黄粱美梦做挺好啊，骗骗哥们行别把自己给骗了	负面
891	哈哈哈，看着他一步一步破防	正面
892	科学的合理的	正面
893	他起码得追过你再说这些吧啥也没做有啥好破防的	正面
894	我妈说，不结婚以后老了生病都没人伺候你，我:我不结婚就不会得干家务劳累的病，不生娃就不会得产后一系列病，不养娃就不会的压力大的病，不被老公和娃气就不会得结结的病开开心心轻轻松松的只会得顺其自然的病	负面
895	我也很烦不怎么熟的同学，突然跑过来加你，然后侧面询问你有没有男朋友他是寂寞了？身边人不敢下手？从小学开始翻女同学吗。	负面
896	只是看起来好随便而已，你别太多内心戏，像你这样的只会想，谁家金主包养的，家犬不上	正面
897	公交司机那个，是我的话真的会不想占便宜，真的听不懂暗示我会一直问直到付完钱，我都40了还有救吗很多里面的暗示我都不懂	正面
898	最近超多免疫了	正面
899	向神明许愿:中考上岸	正面
900	你都不该跟他说话姐妹遇到这种人第二句话的时候我就会发几个句号把他拉黑	正面
901	买泡腾片更划算，每次身体不舒服感觉要感冒了，来一杯泡腾片，第二天绝对啥事没有	正面
902	很明显了姐妹，她自己都过的不好还劝人结婚	正面
903	小英英今天住在小红书	正面
904	你敢耍老子？	正面
905	大波浪不是一般人能撩的	正面
906	我也喜欢不加糖的	正面
907	白色和粉色的我从小喝到大	正面
908	我是男生以前不敢骗到过一个漂亮的以后就敢了	正面
909	姐妹们，看到啦吗？得不到就毁掉，开始是赞美女生后面诋毁女生不配谈恋爱，配不配他说了又不算，看了感觉真恶心	负面
910	确实不会去搭讪，人家光鲜亮丽的，我就一土狗，站在一起都自卑	正面
911	等这一切都被你了解十指错落相牵	正面
912	你能不能写完我想看完	负面
913	我一比斗扇飞他	正面
914	我室友的前男友说男的走在路上看你，你瞪他们，他们都会觉得是喜欢他们，六不六	负面
915	也可以用这个	正面
916	真不错老板来一箱	正面
917	贴主发的话对我乳腺很好	正面
918	我就是，柚子味儿的和瑞幸的柚美式差不多	正面
919	纳入医保不是更贵	正面
920	好巧，你也没睡觉，来喝神器饮料	正面
921	自从十几年前第一次喝过就对其他饮料完全没兴趣了	正面
922	好会说！！！	正面
923	晕车喝真的可以	正面
924	为什么要制定这么严苛的规则然后让大家来破坏呢？严格立法，普遍违法，选择执法。	正面
925	那这种男的更喜欢了。。	正面
926	修想逃学到了	正面
927	混混那种脸皮厚啥都能做，这不奇怪的，反而正常的老实人不行，说白了会觉得自己配不上，对方会拒绝，所以现实中混混往往不缺女朋友，老实人单身	正面
928	猛猛喝！！！！！！兑水灌！！！！！	正面
929	这么多年，难怪错这么多	正面
930	呜呜呜怎么办，我居然一个暗示都听不出来，这些技能究竟是咋练的啊。	正面
931	现在立刻马上喝！	正面
932	规则其实是留给守规矩的人的，很遗憾我上班之后才懂这个道理，感觉有点晚了。	正面
933	我做四维的时候，看着屏幕说了一句看着和她他姐姐(我大女儿）挺像的，医生愣了一下，说是挺像姐姐的。我女儿说一直说二胎是弟弟，我们也都以为是，结果是妹妹，所以原来医生也默默告诉我啦？我随口一说估计医生以为是试探嘛	正面
934	我小时候就喜欢喝这个因为我喜欢酸	正面
935	满天星辰为你陨落	正面
936	它还能治不孕不育呢	正面
937	能跟美女做朋友不是更美哉	正面
938	不会，因为成本太太太太太太便宜了	正面
939	男女一样的，我之前还不明白刘昊然也不帅为什么那么多人喜欢，不就是喜欢邻家感吗？很多女的特地不找帅哥找丑人结婚就是觉得不会出轨，安全感高	正面
940	以后就这么做	正面
941	小红书流量多一点	正面
942	现在和以后精致的女生会越来越多女孩子就是如此美好的存在	正面
943	怎么才能拥有这种头发	正面
944	我今天手动扫的，我的盲盒扫出来是甲壳虫……………	正面
945	先赞，等我下课来看	正面
946	太6了，真的喜欢的话稍微勇敢点毕业了就会表白的，比如我虽然被拒绝了，但是他非常认真的给我写了拒绝信，字丑丑的，但是好可爱，可恶，过了这么久还是好喜欢我也是舔狗呜呜呜	正面
947	笑拥咧嘴借我	正面
948	那不是一样的意思吗觉得没钱养得起所以觉得掌控不住，看起来朴素简单的想着应该不怎么花钱就觉得好拿捏	正面
949	这种头发怎么搞呀	负面
950	喝过，最爱青橘口味，其次西柚	正面
951	教科书级别的破防	正面
952	我就说小红书能学到真东西	正面
953	不会的你别怕	正面
954	有没有可能参考答案就是这个人写的所以说参考答案都得向他低头	正面
955	你说的是错的，不是“太惊艳的大美女”，反而给人一种“比自己段位高感情经历多不那么深情会绿自己”的感觉。当然也可能是我学生思维吧。	负面
956	我要笑死了不行了	正面
957	我那次早起挤地铁去医院，没吃早饭都快昏过去了，地铁站自动售货机直接来一瓶，整个人都好了	正面
958	没有发量才扎心	正面
959	特地去看了下，你真好看	负面
960	!真的太多糖了	正面
961	微微凉好可怕	正面
962	我个子矮，看上去挺好拿捏的，也极少有人跟我搭讪，倒是看我是中国人随口骂两句的还挺多，去哪都得开车，走在街上容易被喷啊	正面
963	像我这种看起来温温柔柔的就容易被搭讪，导致不认识我的男人多看我一眼我都想把他们眼珠子抠出来但其实我的性格跟外表天差地别，很是困扰	负面
964	你说公主请转账，立马你转200，绝不撒谎保证实现哈	正面
965	笑死我了这男的	正面
966	我就知道有单词	正面
967	好典型的破防路	正面
968	和我在同一个瞬间看到这片雪的人你们好	正面
969	兑水然后分几次喝	正面
970	姐妹骂得好，我乳腺通了	正面
971	苏打水不够劲儿	正面
972	你好损然而我喜欢	正面
973	气场啊，真的是！我那天看到一个直播卖衣服的主播，气场太足了！我不敢买她家衣服，怕如果退货，她会飞过来打我	正面
974	这不就是杨勇那个典型吗	负面
975	我妹妹也是不想结婚，劝不动，她还去办了（遗体捐献）	正面
976	看起来好上手！	负面
977	这跟那种肌肉特别明显的男的，男的都觉得很帅，女的一般都说不太喜欢不一样吗？	正面
978	水溶100我的最爱	正面
979	厉害哈哈哈哈	正面
980	换我的话当场让你一起漏风	负面
981	是的这篇我觉得我被得猝不及防	正面
982	你尽看些歹毒的帖子，	正面
983	公交司机那个是真的我最初就是很担心手忙脚乱搞好去付钱直到有一次忘了啥原因真的搞不好了那次就仔细研究了一下司机的话悄悄地没付钱	正面
984	现在教材的正确率是越來越低了	正面
985	我已经预料到了	正面
986	你说公主请转账，立马你转200，绝不撒谎保证实现哈	正面
987	这种我是绝对领会不了的	正面
988	这就是父母骂我说的“听不懂人话”	正面
989	被吓到了……	正面
990	卧槽好经典的破防，太经典了	正面
991	学到了又好像没学到只记得是不是捆他了	正面
992	真正的订正答案	正面
993	你本末倒置了吧……	负面
994	马上拿出一颗，休想划我钱	正面
995	真正的美女不需要通过被搭讪的数量来证明	正面
996	听说你们广东人没见过雪	正面
997	高中熬夜，有时候通宵，必备水溶，还有一个，熬夜结束毛孔超细，脸很白，不喝毛孔粗大满脸油光。	正面
998	遵守规则是应该的，但是在特殊情况你要特殊办的话不要让别人替你承担风险，另外少点贪小便宜	正面
999	写入教材...	正面
1000	其实小时候挺爱喝的，但不知道为什么现在街边的大小店都看不到了！	正面
1001	我去温州爬山那两天一天只吃一顿饭全靠一天一瓶水溶撑下来的	正面
1002	放弃对抗了，爱咋咋爱说说，又不能按着我头捆着我去亲戚么不见（本来也不熟）。	正面
1003	口腔溃疡两瓶必好	正面
1004	说真的会所走出来的女的，打扮得都很贵气！	正面
1005	农夫的某些销售太恶心了，再也不喝农夫了	正面
1006	这个人是真好，是银行的工作人员可以查这个吗？	正面
1007	今天下午刷到了！	正面
1008	说真的，每次感冒了就喝这个，也是真的好得快	正面
1009	看答案上方的大字“全国硕士研究生招生考”	正面
1010	接好运，相亲好累	正面
1011	我掐指一算您今天躺在家里	正面
1012	别给我笑死了	正面
1013	“那对你老婆孩子好点吧”	正面
1014	嗯，就是你长出花来我也不会主动搭讪你，多冒昧啊你谈对象好看不应该是最重要的点吧	正面
1015	想知道大草原是在哪里拍的	正面
1016	搭讪我最多的就是各种小朋友和老爷爷老奶奶阿姨们了那些阿姨们总说一跟我说话就笑性格很好小孩儿,可能是因为我喜欢穿的花里胡哨吧	正面
1017	秋招季，面试了一天之后猛猛灌了2瓶水溶，简直爽歪歪	正面
1018	居然这么有用	正面
1019	知识以一种变态的方式进入我的脑海里	正面
1020	肯定是答案错了啊	正面
1021	酸酸甜甜的特别好喝	正面
1022	身份证可以吗？	负面
1023	医院上班，老有病号问我晚上能不能回家住，我只能说不可以	正面
1024	不好意思我来的比你早	正面
1025	开眼了学到了	正面
1026	这是他的风格，	正面
1027	我能用别人的医保卡吗。也就是不可以。你可以拿着你家人的医保卡替你家人开药	正面
1028	我前两天买5块钱了…之前不都3.5吗	正面
1029	又学了一个单词，真好	正面
1030	代糖对身体有害的	正面
1031	我去服了很兴奋的看到下面结果	正面
1032	答案错了不是	正面
1033	玩会吧别一会真考上了	正面
1034	所以会有失踪人口	正面
1035	不是怕给她花钱，是这种看起来漂亮的大概率有对象，去搭讪大概率碰一鼻子灰	正面
1036	我姥爷：在家这么懒以后结婚了怎么办人家该说你了我：敢说我扇他脸	负面
1037	下次就这么干	正面
1038	有一次旅游上大巴工作人员漏算了我，我以为是上车付钱就没问，结果是车下付，我就问司机司机直接说坐下	正面
1039	没几个走路上敢跟我搭讪的我177哈哈哈哈	正面
1040	康复新液绷不住了哈哈哈哈	正面
1041	四川姐妹巨酷的，真的超级喜欢四川的姐妹	正面
1042	我只是摸个鱼，真的很无助	正面
1043	你是不是在西门那边，因为西门吹雪	正面
1044	这个是原则问题。如果有以后有什么事，这个要付法律责任，相信任何一个单位里面的人都不会冒充法人签字，顶多跑多两趟。	正面
1045	之后我也会是这种成熟大姐姐	正面
1046	是不是老一辈那时候没有娱乐活动太闲了，每个人眼睛都长别人身上，感觉现在年轻人要么工作忙死，要么娱乐丰富，根本没空理别人结不结婚，结婚与否与个人成就没啥关系。	正面
1047	哈哈哈谁分得清你和爱因斯坦	正面
1048	我也要被你浪漫死啦	正面
1049	那个公路都是波浪状的了	正面
1050	这谁家的答案考这么差	正面
1051	好歹毒又学了一个单词，	正面
1052	啊啊啊啊笑嘻乐	正面
1053	天才你是对的那答案拿来有什么用啊？	正面
1054	我想要楚门的表情	正面
1055	哈哈哈哈笑死我了	正面
1056	产检的时候小心翼翼的问医生，我的孩子能穿小裙子吗，他问我是头胎二胎，我说是头胎，他说，那你准备生二胎吧……我秒懂	正面
1057	哈哈哈哈你是会怼的	正面
1058	说不定就溃疡好咯	正面
1059	我没有我就觉得好玩	正面
1060	我瘀堵了一晚的乳腺一下子通畅了	正面
1061	你好酷啊啊啊啊姐妹我好喜欢你每日学习姐妹心态！	正面
1062	你也觉得我幽默啊？	负面
1063	你还记得我么	负面
1064	学错了难怪！	正面
1065	我靠，这种真的好好看	正面
1066	突然想起来我一个好朋友，初三的时候跟她同桌谈恋爱，最后分手了，大学的时候那男的有女朋友了，给我朋友发他和他女朋友的小视频，还问我朋友后不后悔，我朋友给我说时候真给我恶心死了，我朋友人长得很漂亮，从小到大身边全是追她的男生也不知道那男的哪里来的自信的	正面
1067	水溶的妙处就是够酸能刺激溃疡其次就是维生素辅助系统平衡	正面
1068	刚刷到笑死了	正面
1069	水溶真的算是我的半饮料半药，每次缺维的时候都买	正面
1070	还在装哈哈哈哈	正面
1071	真好，下次改英语就这样	正面
1072	那种暗示的很明显的还听不懂的真的怀疑智商了	正面
1073	每次给我的男性朋友推荐我喜欢的大美女他都说还行，然后给我分享一个在我看来的普通小美女说她好看，我真的…	正面
1074	博主太会说话了	正面
1075	在美国这种女生很容易被白男老男人搭讪....	正面
1076	成年女性都还好未成年女孩确实是容易遭受骚扰	正面
1077	因为太有礼貌了哈哈哈哈	正面
1078	假发可以做到这样吗	负面
1079	从来没被搭讪过也没人追过我怎么了我长的很恶心吗	负面
1080	好歹毒的知识	正面
1081	破房心里路线	正面
1082	我现在就在喝！（少倒点多加水就不腻了	正面
1083	真是搞不懂自己的婚姻都是一地鸡毛还来教育后背说偏激婚姻很美好什么啥的，很多时候都差点忍不住戳穿他们	正面
1084	我能理解，因为贪小便宜的人多，如果一传十十传百所有人都这样，大家就都不付钱了	正面
1085	？？我不是在吃饭，还捅一下我脑子？？	正面
1086	哈哈哈哈好狠	正面
1087	会的，我们在云南地震带上，有一年大地震的时候我从家里院子跑出去，眼睁睁看着旁边那个路开始裂开	正面
1088	有些人不是在盼你好她结婚不好着急拉你下水看你过的太自由自在了	正面
1089	骷髅的腿又细又白，他不会，是按照骷髅的标准找的对象吧	正面
1090	应该先吹车牌吧	负面
1091	哈哈哈哈，你是会说话的	正面
1092	他的意思应该就是同样是饮料，反正都是不好的，那还不如选里面伤害最小的水溶100	正面
1093	那个说果蔬会更好吃的，太恐怖了	正面
1094	我相信总有一天你会来到我身边	正面
1095	还好我晕字，直接翻评论区，知识是一点没入脑	正面
1096	必须给你留言！非常好玩！可以当白噪音	正面
1097	听完以后明天想去买一瓶喝喝了	正面
1098	我今天喝了一瓶大数据怎么知道我喝了呢我从来不喝这个饮料的	正面
1099	这个头发，只用洗护产品在家最低最低几十块钱了，还不算在外面打理。去理发店一套护理加造型少说得几百块	正面
1100	是啊真的是这样	负面
1101	它刚出的时候我就喜欢喝，我很喜欢它的广告哈哈，每种口味我都喜欢喝	正面
1102	考研带红笔去，对的多	正面
1103	守护解放西最近的一期，有个女生吹酒驾测试那个就高了一点点点，那个交警一直暗示真的不要验血吗真的不要验血吗，然后女生终于同意验血，验完发现不是酒驾要不然交警疯狂暗示她可能就要被按酒驾算了	正面
1104	我孕吐的时候只喜欢喝水溶100，真的酸	正面
1105	太好了，被@一进来就可以看到单词捏	正面
1106	学生:有你是我的福气我是天才了不需要你这个老师了	正面
1107	我很喜欢气质美女，你这样说很开心	正面
1108	渣男会喜欢，普通人第一眼就是觉得玩的花，而且这种头发就很贵，没钱一般搞不定	正面
1109	宝用西瓜霜！好用	正面
1110	别人都以为我是海王其实我32了还没男朋友	正面
1111	强者改变环境（点头）	正面
1112	枸杞老师开课吧！	正面
1113	跟他没熟到说这些话的地步	负面
1114	打开了思路哈哈哈哈	正面
1115	退休金瞎扯吧，没有死亡证明怎么可以。死亡证明上有时间的。	正面
1116	稍微一结冰百搭	正面
1117	我要被笑死了	正面
1118	他是会改试卷的	正面
1119	你在笑什么！！！！	正面
1120	还别说，有次抱着我崽坐公交，上车前乘车码还是好的，上车后手机就不行了，一放上去就冒出来，然后司机就说你先上来坐好，后面我一直弄一直不行，司机又看不下去了你就不要弄了坐好先	正面
1121	如果是吴世勋，那大十岁我也愿意	正面
1122	学习新知识争做新青年	正面
1123	我的天长知识了	正面
1124	哇偶！以后要买水溶100	正面
1125	救命第一次知道好可怕	正面
1126	要不是听说含糖量太高，我很喜欢这个	正面
1127	地震是有声音的，小时候经历一次五级多的地震，声音很响	正面
1128	我晕车一直喝	正面
1129	你…说的也有道理啊真的屁事管一堆，该管的又不管	正面
1130	我刚想说就错两个没必要吧。结果翻面又错俩。瞬间理解	正面
1131	祁祁学废了吗！	正面
1132	没人搭讪，只是去商场有那些推销员推销	正面
1133	论吹水机的正确打开方式	正面
1134	信用卡取钱必须要本人的历史遗留问题，有段时间会开准贷记卡，和普通储蓄卡一样用，但是他是属于信用卡必须本人，但系统不会核验身份证，所以性别对名字对就行	正面
1135	最爱喝柚子味的没有柠檬那么酸刚刚好	正面
1136	他想让邻居跟他客气一下，然后把水果取走是吗那也得看邻居是什么人啊是比较客气的还是顺坡下驴的那种	正面
1137	这格局一下打开了	正面
1138	看什么科，皮肤科随便跑都行	负面
1139	我要被骗一万次才能长记性吗	正面
1140	这头发好的不像真的	正面
1141	韩剧看多后遗症	正面
1142	行饮料都换成水溶	正面
1143	我他妈快被你浪漫死啦	正面
1144	你好厉害逻辑好清晰哇宝	正面
1145	站在银河的边界	正面
1146	你也挺能熬我是被电视剧绊到了现在	正面
1147	我也是，介绍乱七八糟的人，我直接发火了，结果下午发火的晚上这些爱介绍的都知道了，说我会骂人	负面
1148	可能吸收效果不一样	正面
1149	不说了去买一箱	负面
1150	贴着你姑的脸说你还有几颗牙	正面
1151	我刚刷到公务员的这又来个研究生的好家伙考研考编考公的哪有不发疯的	正面
1152	农夫山药哈哈哈哈	正面
1153	看得我好害怕谁懂	正面
1154	最喜欢喝这个饮料	正面
1155	(*^__^*)	正面
1156	我觉得搭讪可能是看感觉的，有的人一看就是觉得同类的，比如我初中会遇到精神小伙，高中会遇到成绩不很好的，大学稍微用力打扮一下遇到穿冲锋衣的	正面
1157	碎片化的阅读习惯没能让我细细读完，但感觉你写的好	正面
1158	肯定是漂亮才会被搭讪呀，被他们说成是廉价	负面
1159	强迫症已阵亡。	负面
1160	继东方树叶之后我要喝上水溶100了	正面
1161	真不懂为什么问两遍就是女儿头胎不能是女儿？	正面
1162	宝你好会说舒适	正面
1163	小时候看哪个汶川大地震的纪录片吓得边看边哭	正面
1164	草我刚刚也刷到了	正面
1165	宜宾人经历过好几次了，就是震得窗户晃动，我还以为是街边有大卡车开过，每次还没等我反应过来，已经开始晃了，我现在都对突然发生的、无规律且大声的噪音害怕，一有这种声音我就心跳加速，冒虚汗，手攥紧，下意识的观察四周	正面
1166	想多了，好看且看起来很优渥姑娘是百分百大把人追的	正面
1167	守护解放西最新的那集有个姐姐测酒精含量测出来21交警疯狂暗示反复问她要不要去抽血要不要去抽血最后终于想明白去抽了具体多少忘了反正20以下就没算她酒驾了	正面
1168	抽烟的那个，我会直接生气问工作人员，你们室内允许抽烟的吗？有次我们还带着一个孕妇姐姐呢，一群人就在室内抽烟室外也就算了，公共场合室内抽烟的都不是什么好人	正面
1169	我操跟我一模一样的想法	正面
1170	只要没化就能吹动	正面
1171	好迷惑的发言	正面
1172	真的会有这种男生嘛我看他的文字拳头都硬了太离谱了	负面
1173	场地考的时候，紧张的没有系安全带，监考官问，你准备好了吗？我说准备好了，他说你再想想准备好了吗？仔细想一想。然后我就意识到安全到没有系	正面
1174	我又不是做设计的。。你慢慢想	正面
1175	看起来很贵不好拿捏他们自然就不敢	正面
1176	口腔溃疡两瓶就好	正面
1177	等待甜甜的恋爱	正面
1178	哦~那块全黑的是雨伞啊我还以为是局部镇雪	正面
1179	主要缺点是糖太多了	正面
1180	我就说把哪有考研不疯的	正面
1181	那也不是...不需要给普女小姐妹找补的额。	负面
1182	小的时候总喝	正面
1183	没被人追过是因为我类似于的性格吗	负面
1184	搞不懂有些男生的想法，有次冬天穿着羽绒服戴着口罩油着头被搭讪，之前有次在地铁也是戴着口罩被搭讪，这不应该先看见脸吗？特别不理解没露脸就来搭讪的	正面
1185	恐怖故事都是真的是吧	正面
1186	大学时候，一天一瓶，喝出胃病	正面
1187	歪日喝这么多年了别你们给喝涨价了就行	正面
1188	姐妹你太酷了	正面
1189	什么时候带我去看雪	正面
1190	曾经我也不理解为什么我的感情总是不顺，为什么我会很晚还没结婚，直到遇到我先生，我才明白了什么叫有福之女不入无福之门，因为有我先生特别好的一家人在终点等我。	正面
1191	好的，明天买两瓶	正面
1192	这是哪个模拟卷呀姐妹	正面
1193	好漂亮的头发!!!好想要	正面
1194	这么会说的嘴什么时候能长到我身上	正面
1195	考研应该很厉害吧	正面
1196	《都是我们身上的，你腿短就行》妈呀谁懂啊，爽翻	负面
1197	最爱你那句“都是我们身上的，你腿短就行。”	负面
1198	心是我最爱喝的饮料	正面
1199	都是我们身上的，你腿短就行	负面
1200	药房一整瓶最便宜的才3块	正面
1201	因为他们知道配不上吧，不分男女，太贵气的男生，普通女生也不会去搭讪啊，不是你搭讪了，人家就会理你啊。就像之前杨幂被搭讪，她也不会理人家啊（普通观众，不是粉丝）	正面
1202	一整个大破防了	正面
1203	我说我这段时间怎么这么爱喝水溶	正面
1204	牛，我要这么说怕我爸会打我	正面
1205	希望地震亲历者不要刷到否则会	正面
1206	以前每天喝一瓶，上课从来都不困	正面
1207	真的很烦这种人懒得多说废话	正面
1208	可恶，知识卑鄙的进入了我的脑子	正面
1209	哈哈哈哈，很新颖	正面
1210	很明显的暗示，奈何我太笨了听不出来，现在不说身份证号了，有个智能机器，直接扫脸识别到本人	正面
1211	这么早上班刚来点精神，你给我磨灭了	正面
1212	但是这齁的慌越齁越想喝越喝越渴	正面
1213	意料之中哼哼	正面
1214	为什么俺吹出来是大众	正面
1215	你说这截图我发给你女朋友哈	负面
1216	这个赞是给姐妹你的	正面
1217	五百分也不是很难毕竟高考也考了六百多	正面
1218	对溃疡有帮助是真的	正面
1219	你骂不骂，不骂我就要骂了啊	正面
1220	我就爱搭讪要个微信，我就喜欢看美女，觉得朋友圈多个美女看看挺好的，成功率几乎就十分之一的样子。后面更不要幻想能聊得来，几乎不可能。回头不把我删了都是人美心善的菩萨了	正面
1221	我遇到过还和我吵架的，有老头办事取不出号骂骂嘞嘞好一会，我也是窗口人员虽然不是我的业务说了句别烦了别取号了，赶紧去办吧。死老头就记得我说别烦了是骂他，这么横干嘛听话取号呢，直接去人家也不会不给办	正面
1222	哦哦哦哦，我知道了没有写成绩！	正面
1223	嗯嗯我上次在公司也是楼抖了一下的感觉	正面
1224	这种做女朋友可以，做老婆那就是自掘坟墓。所谓的气质，就是名牌衣服，做头发，身材管理。哪哪都是钱。就算富豪也不会娶这样的女人，除非是富二代	正面
1225	好搞笑这男的	正面
1226	我记得我年轻的时候被要微信，我问了一句：要我微信干嘛？	正面
1227	好的学到了，维太便宜了	正面
1228	这玛莎拉帝落地得18万吧	正面
1229	千万不要出代糖版，代糖难喝死了	正面
1230	我早就料到最后会有单词	正面
1231	我让你学单词的	正面
1232	注销户口本那个看的我眼泪哗哗～户警正好啊	正面
1233	其实只要不是对方的责任就行，如果被发现了客户愿意自己承担有些也不是不可。	正面
1234	治口腔溃疡是真的，我每次感觉有点口腔溃疡的时候就喝一瓶很快就好了，喝的时候要含一会。	正面
1235	渣女大波浪嘛！	正面
1236	卡曼橘味最爱	正面
1237	那你真好，我去看周杰伦演唱会，在门口生生喝两瓶矿泉水，就是不给带	正面
1238	这种头发是烫的还是夹的一次性的	正面
1239	太典了，味太冲	负面
1240	我总是会被中年大叔搭讪是怎么肥事气死我了	负面
1241	妹妹太棒了！	正面
1242	住同一個地方，財富能差多少	正面
1243	我也想说这个，这玩意要交复印件的啊，还能自己说哪天就哪天啊,	正面
1244	真的条件好也没什么，只是一般条件越不好越爱装	正面
1245	完了完了，做题做傻了	正面
1246	都不说是吧？那我也不说	正面
1247	一样，但天然的多了协同的和类黄酮	负面
1248	你能不能单出个表情包	正面
1249	我们这一生都会很幸运，有人幸运在平安健康，有人幸运在家庭和睦，有人幸运在财富自由，无论是哪种幸运，都是我们来到这个世界之前选择的剧本，做好自己，感受这一世的剧本就好。无论是哪种方式，祝愿你也一直幸福嗷。	正面
1250	我的智商还得反应一下，哈哈哈	正面
1251	我去好像两个世界	正面
1252	你怎么知道我在学校我买了两箱	正面
1253	谁说蛤蟆不好找，这不就有一个想吃天鹅肉的	正面
1254	肯定是大把顶级男性追啊...	正面
1255	不想学习知识进不到我脑子去	正面
1256	舍友在备考六级哈哈哈	正面
1257	我：妈我不结婚，我妈：同意了	正面
1258	你不要喜欢我了好丢人、、	正面
1259	可惜我的头发细软塌，一直都差点意思	负面
1260	一般都是小孩这一天已经看过该写作业了，知道不在那个能看的时间才会问，平时家长为了让她懂规矩不会给看，但是自己孩子有时候想看也不想念叨她哇	正面
1261	破防了这男的	负面
1262	这种发型能烫出来吗	正面
1263	这种看起来太像别人老婆，一个正经男生不会搭讪别人老婆，至少不应该	负面
1264	合成维吃多了不好癌症病人尤其不能吃哦	正面
1265	来看太精彩了	正面
1266	面相变了嘛周围气运也可能发生变化，可能比较玄学	正面
1267	明骚易躲，暗贱难防	负面
1268	晕车喝它立马好！	正面
1269	他真的教科书式的破防哈哈哈	正面
1270	去世之后所有的手续，退休，医保，社保，社区，等等手续都要先见死亡证明原件。	正面
1271	汶川大地震的时候，我们正在打麻将，然后我们跑出去的时候，我看到麻将馆门口假山里面的水就跟烧开的开水一样的在沸腾	正面
1272	啊这就学习了我还认真的看它的翻译呢	正面
1273	每一句回复都绝	正面
1274	补办户口本的那个把我搞哭了，	正面
1275	好纠结，这么恶毒的东西到底给谁看呢	正面
1276	老板，这个吹水机我倒不是很关注，您那个车很吸引眼球，开起来打滑吗	正面
1277	气场吧！强大又高贵的气场没点实力的男生，不敢轻易靠近	正面
1278	哎呀呀我们当时也是特意选的这首歌，结果现场放暖场音乐的时候没开声音	正面
1279	我就是态度好的，人家就不愿意帮我办、我朋友横，人家马上就给办	正面
1280	这红笔好丝滑	正面
1281	看到科目三那个我都笑了	正面
1282	好好好进行一个学习	正面
1283	这个答案在我脑子里挥之不去，以前对答案好几次都是这样连续	正面
1284	之前单位的同事四十多岁没结婚带着她妈妈一起生活，有车有房有编制，样子心态这些都贼年轻	正面
1285	我去答案你现场改	正面
1286	还得是我晋爹，前两天还是二十几快三十度，下了几天雨最晚直接下雪，今天一早就被冻成狗	正面
1287	我说看着题目这么眼熟原来是333	正面
1288	买了，一喝一个不吱声	正面
1289	我相反以前一直和家里人说我不结婚这辈子不可能结婚	正面
1290	我刷到过，真的按照教科书破防	正面
1291	还有个前提是长得好看啊，还是素颜好看的那种，我就是特别容易受人影响的性格但是长得丑也没人追我	负面
1292	笑死了，精神遥遥领先	正面
1293	正确学习方式	正面
1294	你为什么要说恋爱脑是你最看不起的群体，恋爱脑得罪你了吗？我虽然是恋爱脑，但我不是恋爱啊	正面
1295	恳请好事做到底，出个菜单	负面
1296	这年头搭讪选择也要被挂么，男女视角本来就不一样，不按这某些人想法发展来就是不识好歹	正面
1297	男生的审美和女生的审美不一样，我有一个朋友每次带她出去玩，一定会遇到有人搭讪，但是她在朋友里长得不算太是非常非常好看的，也不怎么注重穿搭，但是就是桃花很旺（绝对不是因为易得）	正面
1298	好想帮你一把好好玩儿的样子	负面
1299	这辈子最怕地震	正面
1300	这时候快放首的雪	正面
